[lrno],[vesselname],[owner],[shipmanager],[operator],[flag],[dwt],[loa],[breadth],[depth],[statdecode]
9325439,SIERRA NEVADA HIGHWAY,Rabell Navigation Corp,Taiyo Nippon Kisen Co Ltd,Kawasaki Kisen Kaisha Ltd,PAN,12851,183.0,30.200000762939453,28.799999237060547,Vehicles Carrier
9252228,SPLENDID ACE,Mitsui OSK Lines Ltd,Mitsui OSK Lines Ltd,Mitsui OSK Lines Ltd,JPN,19893,198.0,32.200000762939453,33.700000762939453,Vehicles Carrier
9367607,CANOPUS LEADER,Leo PCTC Pte Ltd,United Ocean Ship Mgmt Pte Ltd,NYK Line,SNG,17382,179.89999389648438,32.200000762939453,34.799999237060547,Vehicles Carrier
9237307,GALAXY LEADER,Galaxy Maritime Ltd,Ray Car Carriers Ltd,NYK Line,BAH,17127,189.19999694824219,32.259998321533203,30.459999084472656,Vehicles Carrier
9237319,GLOBAL LEADER,Global Maritime Ltd-IOM,Ray Car Carriers Ltd,NYK Line,BAH,17006,189.19999694824219,32.259998321533203,30.459999084472656,Vehicles Carrier
9285615,MORNING CALM,Calm Maritime Ltd,Ray Car Carriers Ltd,EUKOR Car Carriers Inc,BAH,21005,199.94999694824219,32.25,32.639999389648438,Vehicles Carrier
9403217,GLORIOUS EXPRESS,Sagittarius PCTC Pte Ltd,United Ocean Ship Mgmt Pte Ltd,United Ocean Ship Mgmt Pte Ltd,SNG,17212,179.89999389648438,32.200000762939453,34.799999237060547,Vehicles Carrier
9318462,HOEGH DELHI,Gram Car Carriers Holdings,Hoegh Fleet Services AS,Hoegh Autoliners AS,SNG,16890,199.89999389648438,32.259998321533203,32.439998626708984,Vehicles Carrier
9403279,HYPERION LEADER,Hyperion Maritime SA,NYK Line,NYK Line,PAN,14381,190.02999877929688,28.200000762939453,29.430000305175781,Vehicles Carrier
9494905,LAKE FUXIAN,Fair Wind Navigation SA,Eastern Pacific Shipping Pte,CSAV,LIB,17245,199.99000549316406,32.259998321533203,34.409999847412109,Vehicles Carrier
9407665,HOEGH CARIBIA,Gram Car Carriers Holdings,OSM Ship Management Pte Ltd,Hoegh Autoliners AS,SNG,4693,140.0,22.399999618530273,22.950000762939453,Vehicles Carrier
9293521,MIRACULOUS ACE,Miraculous Shipping Ltd,Mitsui OSK Lines Ltd,Mitsui OSK Lines Ltd,CAY,19381,199.97000122070313,32.259998321533203,34.799999237060547,Vehicles Carrier
9312834,MORNING CHORUS,OW Shipping Co Pte Ltd,Wallenius Marine Singapore Pte,EUKOR Car Carriers Inc,SNG,21276,199.99000549316406,32.259998321533203,32.639999389648438,Vehicles Carrier
9336074,MORNING COMPOSER,LOS International SA,EUKOR Car Carriers Inc,EUKOR Car Carriers Inc,PAN,21052,199.97000122070313,32.259998321533203,32.639999389648438,Vehicles Carrier
9312822,MORNING CONCERT,Wilhelmsen Lines Car Carrier,Wilhelmsen Ship Management AS,EUKOR Car Carriers Inc,GBI,21500,199.99000549316406,32.259998321533203,32.639999389648438,Vehicles Carrier
9412567,TRANS LEADER,Lucretia Shipping SA,Santoku Senpaku Co Ltd,NYK Line,PAN,15154,180.0,30.0,33.520000457763672,Vehicles Carrier
8907606,NEKSU,Inderton Ltd SA,Natie Shipping Co Ltd,Natie Shipping Co Ltd,MGL,974,66.220001220703125,12.600000381469727,7.3499999046325684,Vehicles Carrier
8508917,SALZGITTER,Pureza Ships SA,Wilhelmsen Ship Mgmt Sdn Bhd,NYK Line,PAN,12077,172.5,29.370000839233398,28.25,Vehicles Carrier
8321905,PRINCE,Best Oasis Ltd,Prayati Shipping Pvt Ltd,Prayati Shipping Pvt Ltd,PAL,15940,190.0,32.209999084472656,30.840000152587891,Vehicles Carrier
9250232,ATLANTIC HIGHWAY,Eternity Maritime Shipping SA,Fukunaga Kaiun KK,Kawasaki Kisen Kaisha Ltd,PAN,17232,199.94000244140625,32.200000762939453,33.740001678466797,Vehicles Carrier
9283887,SAGITTARIUS LEADER,Ocean Empire Panama SA,Excel Marine Co Ltd,NYK Line,PAN,20098,199.94000244140625,32.259998321533203,34.799999237060547,Vehicles Carrier
9294355,TIANJIN HIGHWAY,Bullet Navigation SA,Taiyo Nippon Kisen Co Ltd,Kawasaki Kisen Kaisha Ltd,PAN,15461,179.99000549316406,32.200000762939453,32.209999084472656,Vehicles Carrier
9676864,ARIES LEADER,Yugao Ship Holding SA,NYK Line,NYK Line,PAN,18808,199.97999572753906,35.799999237060547,38.0,Vehicles Carrier
9432907,TOKYO CAR,Roptin Shipping Inc,Zodiac Maritime Ltd,Mitsui OSK Lines Ltd,LIB,12352,182.80000305175781,31.5,31.799999237060547,Vehicles Carrier
8513510,CENTURY LEADER No. 5,Mandheling/Hachiuma/Nippon,Hachiuma Steamship Co Ltd,NYK Line,PAN,15539,199.94000244140625,32.209999084472656,21.850000381469727,Vehicles Carrier
9464455,CRONUS LEADER,NST Enterprise SA,NYK Line,NYK Line,PAN,20096,199.94000244140625,32.259998321533203,34.799999237060547,Vehicles Carrier
9210440,CRYSTAL RAY,Crystal Ray Shipping Ltd,Ray Car Carriers Ltd,EUKOR Car Carriers Inc,BAH,21400,199.97999572753906,32.259998321533203,32.639999389648438,Vehicles Carrier
9542295,GARDENIA ACE,Holy Tiger Navigation SA,Fuyoh Shipping Co,Mitsui OSK Lines Ltd,LIB,15154,180.0,30.0,33.520000457763672,Vehicles Carrier
8607749,HUDSON LEADER,Hudson River,NYK Line,NYK Line,PAN,14104,180.02000427246094,32.259998321533203,20.069999694824219,Vehicles Carrier
9441609,MORNING CLASSIC,Classic Ray Ltd,Ray Car Carriers Ltd,EUKOR Car Carriers Inc,BAH,21000,199.99000549316406,32.259998321533203,35.0,Vehicles Carrier
9177052,MOSEL ACE,Natureza Maritima SA,Wilhelmsen Ship Mgmt Sdn Bhd,Mitsui OSK Lines Ltd,PAN,12743,176.69999694824219,31.100000381469727,28.0,Vehicles Carrier
9153549,POLARIS ACE,New Polaris SA,Kansai Steamship Co Ltd,Cido Car Carrier Service Co,PAN,15522,188.0,31.200000762939453,30.899999618530273,Vehicles Carrier
8608157,HYUNDAI No. 106,Zodiac Maritime Ltd,Zodiac Maritime Ltd,Hyundai Glovis Co Ltd,LIB,12848,184.21000671386719,30.610000610351563,27.610000610351563,Vehicles Carrier
9267912,JASPER ARROW,Jasper Maritime Ltd-IOM,Ray Car Carriers Ltd,Kawasaki Kisen Kaisha Ltd,BAH,21040,199.94000244140625,32.25,32.720001220703125,Vehicles Carrier
9205976,AMERICAN HIGHWAY,Eternity Maritime Shipping SA,Taiyo Nippon Kisen Co Ltd,Kawasaki Kisen Kaisha Ltd,PAN,16750,179.14599609375,32.200000762939453,32.290000915527344,Vehicles Carrier
9158616,ASIAN CAPTAIN,EUKOR Car Carriers Inc,EUKOR Car Carriers Inc,EUKOR Car Carriers Inc,KRS,25765,228.77999877929688,32.259998321533203,32.090000152587891,Vehicles Carrier
9448061,SEPANG EXPRESS,PCTC Express VII BV,Vroon BV,Vroon BV,PAN,15154,180.0,30.0,33.520000457763672,Vehicles Carrier
9323780,COLORADO HIGHWAY,Colorado Highway Panama SA,Taiyo Nippon Kisen Co Ltd,Kawasaki Kisen Kaisha Ltd,PAN,8546,183.0,30.200000762939453,28.799999237060547,Vehicles Carrier
8905165,SWARNA BAHTERA,Jembatan Nusantara PT,Jembatan Nusantara PT,Jembatan Nusantara PT,IDA,2181,93.599998474121094,16.0,5.940000057220459,Vehicles Carrier
9114165,GLOVIS PHOENIX,Hyundai Glovis Co Ltd,Haeyoung Maritime Serv Co Ltd,Hyundai Glovis Co Ltd,KRS,13292,184.69999694824219,30.600000381469727,19.319999694824219,Vehicles Carrier
9326079,TRANS FUTURE 5,Feng Li Maritime Corp,Toyofuji Shipping Co Ltd,Toyofuji Shipping Co Ltd,PAN,14906,199.99000549316406,32.259998321533203,36.209999084472656,Vehicles Carrier
9701140,GOODWOOD,Fair Wind Navigation SA,Zodiac Maritime Ltd,Zodiac Maritime Ltd,LIB,18770,199.97000122070313,32.259998321533203,34.799999237060547,Vehicles Carrier
8913514,JINSEI MARU,NYK Line,Hachiuma Steamship Co Ltd,NYK Line,JPN,17435,198.60000610351563,32.200000762939453,14.300000190734863,Vehicles Carrier
9213818,VEGA LEADER,Aires del Mar Compania SA,Far-East Transport Co Ltd,NYK Line,PAN,16396,180.0,32.259998321533203,34.599998474121094,Vehicles Carrier
7917551,MADAME BUTTERFLY,Parsifal Shipping Pte Ltd,Wallenius Marine Singapore Pte,Wallenius Wilhelmsen Logistics,SNG,28223,198.1300048828125,32.25,31.200000762939453,Vehicles Carrier
8517944,H 103,Avanti Services Corp,Avanti Services Corp,Avanti Services Corp,SKN,12893,184.02999877929688,30.610000610351563,14.199999809265137,Vehicles Carrier
9427952,PAGNA,Pagna GmbH & Co KG,Laeisz F Schiffahrts mbH & Co,Laeisz F Schiffahrts mbH & Co,GIB,11315,182.89999389648438,31.5,31.799999237060547,Vehicles Carrier
8016548,MORNING CEDAR,EUKOR Car Carriers Inc,EUKOR Car Carriers Inc,EUKOR Car Carriers Inc,KRS,28100,198.0,32.25,31.200000762939453,Vehicles Carrier
9209518,MERIDIAN ACE,Mitsui OSK Lines Ltd,Mitsui OSK Lines Ltd,Mitsui OSK Lines Ltd,JPN,20144,199.94000244140625,32.200000762939453,33.740001678466797,Vehicles Carrier
9663300,MORNING CHANT,2609 International SA,EUKOR Car Carriers Inc,EUKOR Car Carriers Inc,MAI,20190,199.97999572753906,32.259998321533203,32.639999389648438,Vehicles Carrier
9083988,MISAKI,Kyodogumi Kaiun,Kyodogumi Kaiun,Kyodogumi Kaiun,JPN,1418,89.5,13.5,8.0799999237060547,Vehicles Carrier
9283875,PHOENIX LEADER,Kotobuki/Kotobuki Shipping,NYK Line,NYK Line,PAN,20146,199.94000244140625,32.259998321533203,34.799999237060547,Vehicles Carrier
9514987,VIKING EMERALD,Gram Car Carriers Holdings,OSM Ship Management Pte Ltd,Gram & Co AS,SNG,12500,167.25,28.0,30.090000152587891,Vehicles Carrier
9391593,CSCC EUROPE,Europe Shipping Ltd,Ray Car Carriers Ltd,China Shipping Car Carrier Inc,BAH,21300,199.89999389648438,32.259998321533203,32.639999389648438,Vehicles Carrier
9519145,MORNING CORNELIA,Pedregal Maritime SA,Shoei Kisen Kaisha Ltd,EUKOR Car Carriers Inc,PAN,22746,199.94000244140625,32.259998321533203,34.799999237060547,Vehicles Carrier
9420045,HOEGH ST. PETERSBURG,Pioneer Leasing Ltd,Hoegh Fleet Services AS,Hoegh Autoliners AS,NIS,27352,228.77999877929688,32.256999969482422,32.590000152587891,Vehicles Carrier
9477919,MORNING CAMILLA,La Darien Navegacion SA,Shoei Kisen Kaisha Ltd,EUKOR Car Carriers Inc,PAN,22692,199.94000244140625,32.259998321533203,34.799999237060547,Vehicles Carrier
9675585,MORNING CHERRY,Shoei Kisen/Paraiso Shipping,Shoei Kisen Kaisha Ltd,EUKOR Car Carriers Inc,PAN,18556,199.97000122070313,32.259998321533203,34.799999237060547,Vehicles Carrier
9539236,EMERALD ACE,White Bear Maritime Ltd,Mitsui OSK Lines Ltd,Mitsui OSK Lines Ltd,MAI,18334,199.99000549316406,32.259998321533203,34.520000457763672,Vehicles Carrier
9372810,POLARIS LEADER,Virgo PCTC Pte Ltd,United Ocean Ship Mgmt Pte Ltd,NYK Line,SNG,17406,179.89999389648438,32.200000762939453,34.799999237060547,Vehicles Carrier
9515474,IRIS ACE,Hilary Navigation SA,Mitsui OSK Lines Ltd,Mitsui OSK Lines Ltd,CAY,14349,187.52999877929688,28.200000762939453,19.100000381469727,Vehicles Carrier
8909123,SERASI I,Toyofuji Serasi Indonesia,Toyofuji Serasi Indonesia,Toyofuji Serasi Indonesia,IDA,2457,107.13999938964844,18.299999237060547,6.4000000953674316,Vehicles Carrier
9233167,JEAN ANNE,Pasha Hawaii Transport Lines,Pasha Group,Pasha Group,USA,12561,176.0,31.041999816894531,28.0,Vehicles Carrier
9077836,TOPAZ ACE,Back-Boned Maritime,Cido Shipping HK Co Ltd,Cido Car Carrier Service Co,PAN,14696,179.89999389648438,32.229999542236328,14.399999618530273,Vehicles Carrier
9153783,HOEGH PUSAN,Hoegh Autoliners Shpg Pte Ltd,Hoegh Autoliners AS,Hoegh Autoliners AS,SNG,13695,179.47500610351563,32.200000762939453,29.600000381469727,Vehicles Carrier
9515008,VIKING SEA,Gram Car Carriers Holdings,Gram & Co AS,Mitsui OSK Lines Ltd,SNG,10600,167.25,28.0,30.090000152587891,Vehicles Carrier
9442627,CHANG FA LONG,CSC RoRo Logistics Co Ltd,CSC RoRo Logistics Co Ltd,CSC RoRo Logistics Co Ltd,CHR,6561,140.5,24.399999618530273,9.9200000762939453,Vehicles Carrier
9250220,MEDITERRANEAN HIGHWAY,Braveza Maritima SA,Wilhelmsen Ship Mgmt Sdn Bhd,Kawasaki Kisen Kaisha Ltd,PAN,17228,199.94000244140625,32.200000762939453,33.740001678466797,Vehicles Carrier
9554200,PRECIOUS ACE,Fornax Line Shipping SA,Mitsui OSK Lines Ltd,Nissan Motor Car Carrier,CAY,19045,199.97000122070313,32.259998321533203,34.799999237060547,Vehicles Carrier
9441594,GLOVIS CARAVEL,Caravel Maritime Ltd,Ray Car Carriers Ltd,Hyundai Glovis Co Ltd,BAH,20434,199.99000549316406,32.259998321533203,35.0,Vehicles Carrier
9531739,ATLAS LEADER,Kialoa Leasing/FI Kiwi Leasing,NYK Line,NYK Line,JPN,21323,199.94000244140625,32.259998321533203,34.259998321533203,Vehicles Carrier
9188790,VIKING CHANCE,Maple Navigation SA,OSM Ship Management Pte Ltd,UECC,SNG,10834,164.0,28.0,29.25,Vehicles Carrier
9668491,NEPTUNE GALENE,Aristotle Navigation Co Ltd,Neptune Lines Shipping,Neptune Lines Shipping,GRC,11260,169.55000305175781,28.0,30.559999465942383,Vehicles Carrier
9291133,CETUS LEADER,Zuijin Shipholding,NYK Line,NYK Line,PAN,21447,199.94000244140625,32.259998321533203,34.799999237060547,Vehicles Carrier
8319718,CENTURY HIGHWAY NO. 2,Canopus Maritime Co Ltd,Taiyo Nippon Kisen Co Ltd,Kawasaki Kisen Kaisha Ltd,PAN,15509,185.75,32.009998321533203,14.380000114440918,Vehicles Carrier
8517279,GLOBAL SPIRIT,World Car Carriers Inc,Nissan Motor Car Carrier,Hoegh Autoliners AS,LIB,16493,190.52999877929688,32.259998321533203,13.291000366210938,Vehicles Carrier
9272890,TEXAS HIGHWAY,Kawasaki Kisen/Taiyo Nippon,Taiyo Nippon Kisen Co Ltd,Kawasaki Kisen Kaisha Ltd,JPN,17481,199.94000244140625,32.200000762939453,33.740001678466797,Vehicles Carrier
9519121,TRITON ACE,Arena Shipping SA,Mitsui OSK Lines Ltd,Mitsui OSK Lines Ltd,PAN,22723,199.94000244140625,32.259998321533203,34.799999237060547,Vehicles Carrier
9377523,TIRRANNA,Wilhelmsen Lines Shipowning,Wilhelmsen Ship Management AS,Wallenius Wilhelmsen Logistics,NIS,29936,231.60000610351563,32.259998321533203,34.700000762939453,Vehicles Carrier
9166895,YU HENG XIAN FENG,NYKCOS Car Carrier Co Ltd,NYKCOS Car Carrier Co Ltd,NYKCOS Car Carrier Co Ltd,CHR,13418,180.0,32.259998321533203,34.5,Vehicles Carrier
9481075,VIKING DIAMOND,Gram Car Carriers Holdings,OSM Ship Management Pte Ltd,Kawasaki Kisen Kaisha Ltd,SNG,12572,167.24000549316406,28.0,30.090000152587891,Vehicles Carrier
9335953,APHRODITE LEADER,Springwind Navigation SA,NYK Line,NYK Line,PAN,21443,199.94000244140625,32.259998321533203,34.799999237060547,Vehicles Carrier
9294367,GUANGZHOU HIGHWAY,Sapphire Sea Carriers SA,Kawasaki Kisen Kaisha Ltd,Kawasaki Kisen Kaisha Ltd,PAN,15301,179.99000549316406,32.200000762939453,32.209999084472656,Vehicles Carrier
9663295,MORNING CAPO,2608 International SA,EUKOR Car Carriers Inc,EUKOR Car Carriers Inc,MAI,20139,199.97999572753906,32.259998321533203,32.639999389648438,Vehicles Carrier
9336086,MORNING CAROL,S293 International SA,EUKOR Car Carriers Inc,EUKOR Car Carriers Inc,PAN,21044,199.97000122070313,32.259998321533203,32.639999389648438,Vehicles Carrier
9203588,ASIAN DYNASTY,EUKOR Car Carriers Inc,Haeyoung Maritime Serv Co Ltd,EUKOR Car Carriers Inc,KRS,21224,199.94999694824219,32.259998321533203,32.090000152587891,Vehicles Carrier
8912663,IDM SYMEX,Rptd Sold Undisclosed Interest,Rptd Sold Undisclosed Interest,Rptd Sold Undisclosed Interest,SKN,12763,183.92999267578125,30.639999389648438,30.229999542236328,Vehicles Carrier
9073701,SHOHJIN,Frazer Shipholding SA,NYK Line,NYK Line,PAN,16178,179.02999877929688,32.259998321533203,34.049999237060547,Vehicles Carrier
9477921,DEMETER LEADER,Demeter Shipping SA,Wilhelmsen Ship Mgmt Sdn Bhd,NYK Line,PAN,20019,199.94000244140625,32.259998321533203,34.799999237060547,Vehicles Carrier
9509401,JUPITER SPIRIT,Secure Shipping Co Ltd,Nissan Motor Car Carrier,Nissan Motor Car Carrier,LIB,13954,183.0,30.200000762939453,28.799999237060547,Vehicles Carrier
9203291,ASIAN KING,NOCC Shipowning AS,EUKOR Car Carriers Inc,EUKOR Car Carriers Inc,PAN,21511,199.97999572753906,32.259998321533203,32.090000152587891,Vehicles Carrier
9491886,PASSERO,Passero GmbH & Co KG,Laeisz Reederei,TB Marine-Hamburg GmbH,GEU,12755,183.28999328613281,31.489999771118164,31.799999237060547,Vehicles Carrier
9325221,GRAND RUBY,TK Navigation Panama SA,Cido Shipping HK Co Ltd,Cido Car Carrier Service Co,PAN,18117,199.89999389648438,32.259998321533203,35.799999237060547,Vehicles Carrier
9312470,HOEGH DETROIT,Hoegh Autoliners Shipping AS,Hoegh Fleet Services AS,Hoegh Autoliners AS,NIS,27100,228.77000427246094,32.259998321533203,32.590000152587891,Vehicles Carrier
9267687,PROGRESS ACE,Bright Ocean Maritime SA,Mitsui OSK Lines Ltd,Mitsui OSK Lines Ltd,PAN,19512,199.53999328613281,32.259998321533203,33.810001373291016,Vehicles Carrier
9267699,PROMINENT ACE,Aurora Car Maritime Trans SA,Mitsui OSK Lines Ltd,Mitsui OSK Lines Ltd,PAN,19550,199.53999328613281,32.259998321533203,33.810001373291016,Vehicles Carrier
9338888,PROMETHEUS LEADER,Bacchus Shipping Pte Ltd,Wilhelmsen Ship Mgmt Sdn Bhd,NYK Line,SNG,14382,190.02999877929688,28.200000762939453,29.430000305175781,Vehicles Carrier
8018168,TERRIER,Wilhelmsen Lines Shipowning AS,Wilhelmsen Lines Car Carrier,EUKOR Car Carriers Inc,NIS,17863,194.49000549316406,32.009998321533203,19.870000839233398,Vehicles Carrier
9553115,THEMIS LEADER,FPG Shipholding Panama SA,NYK Line,NYK Line,PAN,20037,199.94000244140625,32.259998321533203,34.799999237060547,Vehicles Carrier
8921793,SERA,Priyanka Shipping Ltd,Priyanka Shipping Ltd,Priyanka Shipping Ltd,CMR,4979,148.22000122070313,20.399999618530273,6.8600001335144043,Vehicles Carrier
9706994,GLOVIS CROWN,KSF 26 International SA,Hyundai Glovis Co Ltd,Hyundai Glovis Co Ltd,MAI,20019,199.97999572753906,32.259998321533203,32.639999389648438,Vehicles Carrier
9325776,WESTERN HIGHWAY,Bulkstar Enterprise Co Ltd,Taiyo Nippon Kisen Co Ltd,Kawasaki Kisen Kaisha Ltd,PAN,12980,188.02999877929688,28.200000762939453,27.409999847412109,Vehicles Carrier
9667344,FREMANTLE HIGHWAY,Luster Maritime/Higaki Sangyo,Shoei Kisen Kaisha Ltd,Kawasaki Kisen Kaisha Ltd,PAN,18549,199.97000122070313,32.259998321533203,34.799999237060547,Vehicles Carrier
8605167,TANCRED,Wilhelmsen Lines Shipowning AS,Wilhelmsen Lines Car Carrier,EUKOR Car Carriers Inc,NIS,15577,190.05000305175781,32.259998321533203,13.75,Vehicles Carrier
9277838,IVORY ARROW,Ivory Maritime Ltd,Ray Car Carriers Ltd,Kawasaki Kisen Kaisha Ltd,BAH,21300,199.96000671386719,32.25,32.639999389648438,Vehicles Carrier
9674177,GLOVIS SUPREME,GL NV7 Shipping Inc,Hyundai Glovis Co Ltd,Hyundai Glovis Co Ltd,MAI,20138,199.97000122070313,35.400001525878906,33.0,Vehicles Carrier
9078567,KALIMANTAN LEADER,Salam Pacific Indonesia Lines,Salam Pacific Indonesia Lines,Salam Pacific Indonesia Lines,IDA,4051,100.29000091552734,21.0,18.559999465942383,Vehicles Carrier
9392353,MERCURY LEADER,Yamabiko Shipholding SA,NYK Line,NYK Line,PAN,15045,186.02999877929688,28.200000762939453,29.430000305175781,Vehicles Carrier
9279329,GRAND DOLPHIN,Dynamic Rainbow,Cido Shipping HK Co Ltd,Hoegh Autoliners AS,PAN,18369,199.99000549316406,32.259998321533203,35.799999237060547,Vehicles Carrier
8320779,LIBERTY,Fidelio LP,American Roll-on Roll-off,American Roll-on Roll-off,MAI,27609,199.02000427246094,32.259998321533203,31.530000686645508,Vehicles Carrier
9460887,MORNING CLARA,Melodia Maritime Pte Ltd,EUKOR Car Carriers Inc,EUKOR Car Carriers Inc,SNG,18638,199.89999389648438,32.259998321533203,34.520000457763672,Vehicles Carrier
8309581,TASCO,Wilhelmsen Lines Shipowning AS,Wilhelmsen Lines Car Carrier,Wallenius Wilhelmsen Logistics,NIS,22067,195.30000305175781,32.259998321533203,30.969999313354492,Vehicles Carrier
9293624,TOLEDO,Wilhelmsen Lines Car Carrier,Wilhelmsen Lines Car Carrier,Wallenius Wilhelmsen Logistics,GBI,19628,199.99000549316406,32.259998321533203,36.020000457763672,Vehicles Carrier
9285639,MORNING COURIER,Courier Shipping Ltd,Ray Car Carriers Ltd,EUKOR Car Carriers Inc,BAH,21053,199.94000244140625,32.25,32.639999389648438,Vehicles Carrier
8602775,MORNING MARVEL,EUKOR Car Carriers Inc,EUKOR Car Carriers Inc,EUKOR Car Carriers Inc,KRS,15681,190.05000305175781,32.259998321533203,19.719999313354492,Vehicles Carrier
9021332,NEW NADA,New Nada Shipping Co Ltd,NYK Line,NYK Line,PAN,14274,180.0,32.200000762939453,32.669998168945313,Vehicles Carrier
8211514,GMT VENUS,JS Line SA,Doriko Ltd,Hyundai Glovis Co Ltd,PAN,12507,176.0,27.0,26.350000381469727,Vehicles Carrier
9448138,VANY RICKMERS,Onchan Navigation Ltd,Rickmers Shipmanagement-SNG,Hyundai Glovis Co Ltd,MAI,12300,182.80000305175781,31.5,31.799999237060547,Vehicles Carrier
9431850,HOEGH MAPUTO,Hoegh Autoliners Shipping AS,Hoegh Fleet Services AS,Hoegh Autoliners AS,NIS,12250,182.80000305175781,31.5,31.799999237060547,Vehicles Carrier
9430519,NOCC ATLANTIC,NOCC Atlantic AS,Norwegian Car Carriers AS,Norwegian Car Carriers AS,NIS,22500,199.99000549316406,32.259998321533203,34.549999237060547,Vehicles Carrier
9188805,MODERN PEAK,Modern Peak,Cido Shipping HK Co Ltd,Cido Car Carrier Service Co,PAN,10817,164.0,28.0,29.25,Vehicles Carrier
8508826,PRICILIA,Mitra Anugrah Samudra,Mitra Anugrah Samudra,Mitra Anugrah Samudra,IDA,3048,105.11000061035156,16.620000839233398,5.9499998092651367,Vehicles Carrier
9454711,COSCO SHENGSHI,COSCOL HK Investment,COSCOL,Hyundai Glovis Co Ltd,PAN,14868,182.80000305175781,32.200000762939453,34.330001831054688,Vehicles Carrier
9381249,CYGNUS LEADER,Pedregal Maritime SA,Shoei Kisen Kaisha Ltd,NYK Line,PAN,20180,199.94000244140625,32.259998321533203,34.799999237060547,Vehicles Carrier
9326081,TRANS FUTURE 6,Feng Li/Norwich Shipping,Toyofuji Shipping Co Ltd,Toyofuji Shipping Co Ltd,PAN,14906,199.99000549316406,32.259998321533203,36.209999084472656,Vehicles Carrier
9114177,GLOVIS PRIME,Hyundai Glovis Co Ltd,Haeyoung Maritime Serv Co Ltd,Hyundai Glovis Co Ltd,KRS,13241,184.69999694824219,30.600000381469727,19.319999694824219,Vehicles Carrier
9505089,TULANE,Wilhelmsen Lines Shipowning,Wilhelmsen Ship Mgmt Sdn Bhd,Wallenius Wilhelmsen Logistics,MTA,28818,229.99000549316406,32.259998321533203,34.700000762939453,Vehicles Carrier
9441611,MORNING COMPASS,Compass Ray Ltd,Stamco Ship Management Co Ltd,EUKOR Car Carriers Inc,BAH,21000,199.99000549316406,32.259998321533203,35.0,Vehicles Carrier
9054119,AEGEAN LEADER,Empress Shipholding,NYK Line,NYK Line,PAN,13157,180.0,32.200000762939453,14.289999961853027,Vehicles Carrier
9483786,ARABIAN SEA,Arabian Sea,Sunship Schiffahrtskontor KG,Sunship Schiffahrtskontor KG,ABB,13059,182.80000305175781,31.5,31.799999237060547,Vehicles Carrier
9070474,ASIAN GLORY,Dayer Maritime Inc,Zodiac Maritime Ltd,Hyundai Glovis Co Ltd,GBI,13363,184.10000610351563,30.600000381469727,19.319999694824219,Vehicles Carrier
9238519,CONTINENTAL HIGHWAY,Continental Highway Shipping,Taiyo Nippon Kisen Co Ltd,Kawasaki Kisen Kaisha Ltd,PAN,17201,199.94000244140625,32.279998779296875,33.740001678466797,Vehicles Carrier
9051375,COUGAR ACE,MOB Cougar,Mitsui OSK Lines Ltd,Mitsui OSK Lines Ltd,SNG,18922,199.52999877929688,32.259998321533203,33.459999084472656,Vehicles Carrier
9402744,NEPTUNE LEADER,Opal Sea Carriers Pte Ltd,NYK Line,NYK Line,SNG,12853,183.0,30.200000762939453,28.799999237060547,Vehicles Carrier
9338890,PLUTO LEADER,Picer Marine SA,Shinme Kisen Sangyo KK,NYK Line,PAN,14342,190.02999877929688,28.200000762939453,29.430000305175781,Vehicles Carrier
9702431,GLOVIS SPLENDOR,GL NV12 Shipping Inc,Hyundai Glovis Co Ltd,Hyundai Glovis Co Ltd,MAI,20056,199.97000122070313,35.400001525878906,33.0,Vehicles Carrier
9427550,SPRING SKY,Dynamic Hitter Shipping SA,Cido Shipping HK Co Ltd,Cido Car Carrier Service Co,HKG,9301,165.0,26.0,17.75,Vehicles Carrier
9672416,GENIUS HIGHWAY,Genius Maritime Ltd,Ray Car Carriers Ltd,Kawasaki Kisen Kaisha Ltd,BAH,21000,199.96000671386719,32.259998321533203,35.0,Vehicles Carrier
9702417,GLOVIS SUMMIT,GL NV10 Shipping Inc,Hyundai Glovis Co Ltd,Hyundai Glovis Co Ltd,MAI,20056,199.97000122070313,35.400001525878906,33.0,Vehicles Carrier
9395628,VICTORY LEADER,Victory Ray Ltd,Ray Car Carriers Ltd,NYK Line,BAH,13363,189.30000305175781,32.259998321533203,33.540000915527344,Vehicles Carrier
9673379,HOEGH JACKSONVILLE,LH Shiplease 1 AS,Hoegh Autoliners AS,Hoegh Autoliners AS,NIS,20578,199.89999389648438,32.259998321533203,32.590000152587891,Vehicles Carrier
9700201,ASAKA,Japan Railway/Hyuga Kaiun,Hyuga Kaiun YK,Hyuga Kaiun YK,JPN,2325,118.02999877929688,16.600000381469727,11.989999771118164,Vehicles Carrier
9702405,GLOVIS SUNRISE,GL NV9 Shipping Inc,Haeyoung Maritime Serv Co Ltd,Hyundai Glovis Co Ltd,MAI,20056,199.97000122070313,35.400001525878906,33.0,Vehicles Carrier
9329461,MORNING CELLO,Tailwind Car Carriers Pte Ltd,EUKOR Car Carriers Inc,EUKOR Car Carriers Inc,SNG,21059,199.97999572753906,32.259998321533203,32.639999389648438,Vehicles Carrier
9674189,GLOVIS SUPERIOR,GL NV8 Shipping Inc,Hyundai Glovis Co Ltd,Hyundai Glovis Co Ltd,MAI,20138,199.97000122070313,35.400001525878906,33.0,Vehicles Carrier
9391579,SERENITY ACE,Serenity Maritime Ltd,Ray Car Carriers Ltd,Mitsui OSK Lines Ltd,BAH,21004,199.97999572753906,32.259998321533203,32.259998321533203,Vehicles Carrier
9293571,EMINENT ACE,Mitsui OSK Lines Ltd,MOLSHIP,Mitsui OSK Lines Ltd,JPN,18947,199.94999694824219,32.200000762939453,34.200000762939453,Vehicles Carrier
9181479,GRAND QUEST,Dynamic Active Marine,Cido Shipping HK Co Ltd,Cido Car Carrier Service Co,PAN,16702,179.16000366210938,32.259998321533203,34.049999237060547,Vehicles Carrier
9690523,HARVEST LEADER,Harvest Maritime Ltd,Ray Shipping Ltd,NYK Line,BAH,20941,199.97099304199219,35.400001525878906,36.25,Vehicles Carrier
9427562,SPRING WIND,Dynamic Boxer Shipping SA,Cido Shipping HK Co Ltd,Eastern Car Liner Ltd,HKG,9274,165.02999877929688,26.0,17.75,Vehicles Carrier
9441623,HOEGH ANTWERP,Antwerp Maritime Ltd,Stamco Ship Management Co Ltd,Hoegh Autoliners AS,BAH,21000,199.96000671386719,32.259998321533203,35.0,Vehicles Carrier
8513560,JK TAI SHAN,Taishan Shipping SA,JK Maritime Inc,JK Maritime Inc,PAN,15577,190.05000305175781,32.259998321533203,13.75,Vehicles Carrier
8822117,MM SEJATI,Nusantara Sejati,Nusantara Sejati,Nusantara Sejati,IDA,3559,120.0,20.0,13.949999809265137,Vehicles Carrier
7903093,HOEGH TROPICANA,Hoegh Autoliners Shipping AS,Hoegh Fleet Services AS,Hoegh Autoliners AS,NIS,12003,180.02000427246094,29.209999084472656,26.829999923706055,Vehicles Carrier
8017671,KIRANA,Dharma Lautan Utama PT,Dharma Lautan Utama PT,Dharma Lautan Utama PT,IDA,3161,105.77999877929688,16.620000839233398,5.9200000762939453,Vehicles Carrier
9713882,LAKE GENEVA,Imabari Senpaku/IMA Lines,Eastern Pacific Shipping Pte,Eastern Pacific Shipping Pte,LIB,18770,199.97000122070313,32.259998321533203,34.799999237060547,Vehicles Carrier
7917563,MORNING SPRUCE,EUKOR Car Carriers Inc,EUKOR Car Carriers Inc,EUKOR Car Carriers Inc,KRS,28210,198.0,32.25,31.200000762939453,Vehicles Carrier
9514999,VIKING OCEAN,Gram Car Carriers Holdings,OSM Ship Management Pte Ltd,Gram & Co AS,SNG,12500,167.25,28.0,30.090000152587891,Vehicles Carrier
9702443,THERMOPYLAE,Wilhelmsen Lines Shipowning,Wilhelmsen Ship Management AS,Wallenius Wilhelmsen Logistics,MTA,23786,199.97000122070313,36.5,38.25,Vehicles Carrier
9650743,METIS LEADER,Cypress Maritime/Koyo Shosen,Shoei Kisen Kaisha Ltd,NYK Line,PAN,19013,199.97000122070313,32.259998321533203,34.799999237060547,Vehicles Carrier
9285627,MORNING CHAMPION,Champion Maritime Ltd,Ray Car Carriers Ltd,EUKOR Car Carriers Inc,BAH,21106,199.91999816894531,32.25,32.639999389648438,Vehicles Carrier
8701325,SERASI II,Toyofuji Serasi Indonesia,Toyofuji Serasi Indonesia,Toyofuji Serasi Indonesia,IDA,2538,108.01000213623047,18.409999847412109,6.0199999809265137,Vehicles Carrier
8321333,TRISTAN,Wallenius Lines AB,Wallenius Marine AB,Wallenius Wilhelmsen Logistics,SWD,28070,198.0,32.25,31.200000762939453,Vehicles Carrier
9674165,GLOVIS SPIRIT,GL NV6 Shipping Inc,Haeyoung Maritime Serv Co Ltd,Hyundai Glovis Co Ltd,MAI,20138,199.97000122070313,35.400001525878906,33.0,Vehicles Carrier
9078842,ARCADIA HIGHWAY,Arcadia Highway Shipping SA,Kawasaki Kisen Kaisha Ltd,Kawasaki Kisen Kaisha Ltd,PAN,15507,179.99000549316406,32.200000762939453,32.0,Vehicles Carrier
9339844,GRAND PEARL,Dynamic Climber Shipping SA,Cido Shipping HK Co Ltd,EUKOR Car Carriers Inc,PAN,18090,199.89999389648438,32.259998321533203,35.799999237060547,Vehicles Carrier
9284740,CENTAURUS LEADER,SSC Centaurus Leader Pte Ltd,SSC Ship Management Pte Ltd,NYK Line,SNG,21471,199.94000244140625,32.259998321533203,34.799999237060547,Vehicles Carrier
9382102,CHANG TAI HONG,Chang Tai Hong RoRo Shpg Ltd,CSC RoRo Logistics Co Ltd,CSC RoRo Logistics Co Ltd,HKG,12282,175.86000061035156,31.100000381469727,30.0,Vehicles Carrier
8520680,TRIANON,Wilhelmsen Lines Shipowning AS,Wilhelmsen Lines Car Carrier,Wallenius Wilhelmsen Logistics,NIS,15536,190.0,32.229999542236328,13.920000076293945,Vehicles Carrier
9181376,GREEN DALE,LCI Shipholdings Inc,LCI Shipholdings Inc,LCI Shipholdings Inc,MAI,15894,179.02999877929688,32.259998321533203,34.049999237060547,Vehicles Carrier
8514083,PYXIS,Feng Li Maritime Corp,Toyofuji Shipping Co Ltd,Toyofuji Shipping Co Ltd,PAN,19108,199.0,32.209999084472656,12.039999961853027,Vehicles Carrier
9491874,PASSAMA,Passama GmbH & Co KG,Laeisz Reederei,Laeisz Reederei,GIB,12806,182.80000305175781,31.489999771118164,31.799999237060547,Vehicles Carrier
9441556,HERITAGE LEADER,Heritage Maritime Ltd,Ray Car Carriers Ltd,NYK Line,BAH,20434,199.94999694824219,32.259998321533203,35.0,Vehicles Carrier
9233246,SUNBELT SPIRIT,Great American Lines,Fairfield-Maxwell Services Ltd,Fairfield-Maxwell Services Ltd,MAI,17950,212.08200073242188,32.259998321533203,33.950000762939453,Vehicles Carrier
9136967,VIKING PRINCESS,Gram Car Carriers Holdings,OSM Ship Management Pte Ltd,Gram & Co AS,SNG,3995,117.0,20.0,6.1500000953674316,Vehicles Carrier
9542283,AZALEA ACE,Glory Tiger Navigation SA,Seiwa Navigation Corp Ltd,Mitsui OSK Lines Ltd,LIB,15154,180.0,30.0,33.520000457763672,Vehicles Carrier
9243473,CARIBBEAN HIGHWAY,Belocean Shipping SA,Taiyo Nippon Kisen Co Ltd,Kawasaki Kisen Kaisha Ltd,PAN,17866,179.47500610351563,32.200000762939453,32.290000915527344,Vehicles Carrier
9182356,COMET ACE,Bright Ocean Maritime SA,Mitsui OSK Lines Ltd,Mitsui OSK Lines Ltd,PAN,14283,174.97999572753906,29.200000762939453,28.600000381469727,Vehicles Carrier
9363948,LAVENDER ACE,Primavera Montana SA,Shunzan Kaiun KK,Shunzan Kaiun KK,PAN,17262,199.99000549316406,32.259998321533203,34.259998321533203,Vehicles Carrier
9293650,LIBERTY ACE,Aurora Car Maritime Trans SA,Mitsui OSK Lines Ltd,Mitsui OSK Lines Ltd,PAN,19106,199.99000549316406,32.259998321533203,34.520000457763672,Vehicles Carrier
9672404,GRAVITY HIGHWAY,Gravity Maritime Ltd,Ray Car Carriers Ltd,Kawasaki Kisen Kaisha Ltd,BAH,21000,199.94999694824219,32.259998321533203,35.0,Vehicles Carrier
9336062,MORNING CELESTA,S291 International SA,EUKOR Car Carriers Inc,EUKOR Car Carriers Inc,PAN,21055,199.97999572753906,32.259998321533203,32.639999389648438,Vehicles Carrier
9669029,MORNING POST,2610 International SA,EUKOR Car Carriers Inc,EUKOR Car Carriers Inc,MAI,22675,199.89999389648438,35.400001525878906,35.490001678466797,Vehicles Carrier
9267924,ONYX ARROW,Onyx Maritime Ltd,Ray Car Carriers Ltd,Kawasaki Kisen Kaisha Ltd,BAH,21087,199.92999267578125,32.240001678466797,32.729999542236328,Vehicles Carrier
8808082,PARANI BARITO,K Line Indonesia,K Line Indonesia,K Line Indonesia,IDA,4912,134.86000061035156,20.0,8.9200000762939453,Vehicles Carrier
9325427,ROCKIES HIGHWAY,Eternity Maritime Shipping SA,Fukunaga Kaiun KK,Kawasaki Kisen Kaisha Ltd,PAN,12828,183.0,30.200000762939453,28.799999237060547,Vehicles Carrier
8606056,GMT ASTRO,POS Line SA,Doriko Ltd,Doriko Ltd,PAN,16141,190.50999450683594,32.259998321533203,13.350000381469727,Vehicles Carrier
9294343,SHANGHAI HIGHWAY,Belocean Shipping SA,Taiyo Nippon Kisen Co Ltd,Kawasaki Kisen Kaisha Ltd,PAN,15413,179.99000549316406,32.200000762939453,32.209999084472656,Vehicles Carrier
9476757,RUBY ACE,FGL Maritime Panama SA,Mitsui OSK Lines Ltd,Mitsui OSK Lines Ltd,CAY,18724,199.99000549316406,32.259998321533203,34.520000457763672,Vehicles Carrier
9338723,MORNING CAROLINE,La Darien Navegacion SA,EUKOR Car Carriers Inc,EUKOR Car Carriers Inc,PAN,22717,199.94000244140625,32.259998321533203,34.799999237060547,Vehicles Carrier
9177430,PERSEUS LEADER,Cypress Maritime Panama SA,Shoei Kisen Kaisha Ltd,NYK Line,PAN,21503,199.89999389648438,32.200000762939453,34.520000457763672,Vehicles Carrier
9355214,RHEA LEADER,FC Lead Leasing Ltd,NYK Line,NYK Line,JPN,21428,199.94000244140625,32.259998321533203,34.799999237060547,Vehicles Carrier
9355202,ARTEMIS LEADER,Freesia Shipholding SA,NYK Line,NYK Line,PAN,21424,199.94000244140625,32.259998321533203,34.799999237060547,Vehicles Carrier
9498597,SELENE LEADER,Granville Shipholding SA,Hachiuma Steamship Co Ltd,NYK Line,JPN,18082,199.99000549316406,32.259998321533203,35.799999237060547,Vehicles Carrier
9544918,CATTLEYA ACE,White Bear Maritime Ltd,Mitsui OSK Lines Ltd,Mitsui OSK Lines Ltd,CAY,16384,199.99000549316406,32.259998321533203,34.259998321533203,Vehicles Carrier
9336050,MORNING CONDUCTOR,EKC International SA,EUKOR Car Carriers Inc,EUKOR Car Carriers Inc,PAN,21091,199.97999572753906,32.259998321533203,32.639999389648438,Vehicles Carrier
8708907,MORNING MELODY,JEK Navigation Panama SA,Excel Marine Co Ltd,EUKOR Car Carriers Inc,PAN,13162,180.0,32.209999084472656,32.419998168945313,Vehicles Carrier
9289908,MORNING MIRACLE,Lombard Corporate December 3,Eastern Pacific Shipping UK,EUKOR Car Carriers Inc,LIB,12600,182.80000305175781,31.5,31.799999237060547,Vehicles Carrier
9325178,CSAV RIO AYSEN,Lombard Corporate December 3,Eastern Pacific Shipping UK,CSAV,LIB,12322,182.80000305175781,31.5,31.799999237060547,Vehicles Carrier
9502427,SENTOSA LEADER,Ocean Sentosa,United Ocean Ship Mgmt Pte Ltd,NYK Line,SNG,17143,179.89999389648438,32.200000762939453,34.799999237060547,Vehicles Carrier
9311866,TAIPAN,Taipan Maritime Ltd,Ray Car Carriers Ltd,EUKOR Car Carriers Inc,BAH,21021,199.89999389648438,32.259998321533203,32.729999542236328,Vehicles Carrier
9039573,SERASI V,Toyofuji Serasi Indonesia,Toyofuji Serasi Indonesia,Toyofuji Serasi Indonesia,IDA,3624,128.91999816894531,20.0,6.380000114440918,Vehicles Carrier
9561954,DIONE LEADER,Nadeshiko Ship Holding SA,NYK Line,NYK Line,PAN,21111,199.94999694824219,32.259998321533203,34.409999847412109,Vehicles Carrier
9308807,CSAV RIO GRANDE,Lombard Corporate December 3,Zodiac Maritime Ltd,CSAV,LIB,12315,182.80000305175781,31.5,31.799999237060547,Vehicles Carrier
8506749,DR ACE,Dr Line SA,Doriko Ltd,Doriko Ltd,PAN,15546,190.05000305175781,32.259998321533203,13.75,Vehicles Carrier
9326093,TRANS FUTURE 7,Norwich Shipping Corp,Toyofuji Shipping Co Ltd,Toyofuji Shipping Co Ltd,LIB,14906,199.99000549316406,32.259998321533203,36.209999084472656,Vehicles Carrier
9481051,VIKING CORAL,Gram Car Carriers Holdings,OSM Ship Management Pte Ltd,Kawasaki Kisen Kaisha Ltd,SNG,12588,167.23199462890625,28.0,30.090000152587891,Vehicles Carrier
9206011,EUROPEAN HIGHWAY,Canopus Maritime Co Ltd,Taiyo Nippon Kisen Co Ltd,Kawasaki Kisen Kaisha Ltd,PAN,15075,179.99000549316406,32.200000762939453,32.200000762939453,Vehicles Carrier
9303223,GRAND DIAMOND,Ocean Transit Carrier SA,Cido Shipping HK Co Ltd,EUKOR Car Carriers Inc,PAN,18058,199.89999389648438,32.259998321533203,35.799999237060547,Vehicles Carrier
9660798,HOEGH AMSTERDAM,Amsterdam Maritime Ltd,Stamco Ship Management Co Ltd,Hoegh Autoliners AS,BAH,21000,199.96400451660156,32.259998321533203,35.0,Vehicles Carrier
9382396,HOEGH OSLO,Hoegh Autoliners Shipping AS,Hoegh Fleet Services AS,Hoegh Autoliners AS,NIS,17252,179.89999389648438,32.200000762939453,34.799999237060547,Vehicles Carrier
9277826,AMBER ARROW,Amber Maritime Ltd,Ray Car Carriers Ltd,Kawasaki Kisen Kaisha Ltd,BAH,21120,199.91000366210938,32.25,32.639999389648438,Vehicles Carrier
9171280,HOEGH TRADER,Hoegh Autoliners Shipping AS,Hoegh Fleet Services AS,Hoegh Autoliners AS,NIS,27100,228.77000427246094,32.259998321533203,32.590000152587891,Vehicles Carrier
9531741,ASTERIA LEADER,Perses Maritima Ltd,Hachiuma Steamship Co Ltd,NYK Line,JPN,21349,199.94000244140625,32.259998321533203,34.259998321533203,Vehicles Carrier
9536818,GAIA LEADER,FGL Shipping Pte Ltd,NYK Line,NYK Line,SNG,21286,199.94000244140625,32.259998321533203,34.409999847412109,Vehicles Carrier
9397999,AMETHYST ACE,Polar Express SA,Mitsui OSK Lines Ltd,Mitsui OSK Lines Ltd,CAY,18760,199.99000549316406,32.259998321533203,34.520000457763672,Vehicles Carrier
9427940,PAGLIA,Paglia GmbH & Co KG,Laeisz Reederei,Laeisz Reederei,GIB,11369,182.91000366210938,31.5,31.799999237060547,Vehicles Carrier
9273909,ANDROMEDA LEADER,ANZ Bank New Zealand Ltd,NYK Line,NYK Line,PAN,21443,199.94000244140625,32.259998321533203,34.799999237060547,Vehicles Carrier
9610444,PRIME ACE,Prime Maritime SA,Mitsui OSK Lines Ltd,Mitsui OSK Lines Ltd,PAN,18304,199.94999694824219,32.200000762939453,34.200000762939453,Vehicles Carrier
8905426,HEIJIN,Trident Shipholding SA-Panama,NYK Line,NYK Line,PAN,14366,180.0,32.200000762939453,32.669998168945313,Vehicles Carrier
9454723,COSCO TENGFEI,COSCOL HK Investment,COSCOL,COSCOL,PAN,14707,182.80000305175781,32.200000762939453,34.330001831054688,Vehicles Carrier
8613188,STRAITS VOYAGER,Straits Auto Logistics Sdn Bhd,Wilhelmsen Ship Mgmt Sdn Bhd,NYK Line,MAL,13491,182.0,30.010000228881836,29.350000381469727,Vehicles Carrier
8204951,TAMPA,Rptd Sold Undisclosed Interest,Rptd Sold Undisclosed Interest,Rptd Sold Undisclosed Interest,NIS,44013,262.010009765625,32.259998321533203,21.010000228881836,Vehicles Carrier
9229403,NEW CENTURY 2,Norwich Shipping Corp,Toyofuji Shipping Co Ltd,Toyofuji Shipping Co Ltd,LIB,16837,199.99000549316406,32.259998321533203,34.520000457763672,Vehicles Carrier
9318474,HOEGH BANGKOK,Hoegh Autoliners Shipping AS,Hoegh Fleet Services AS,Hoegh Autoliners AS,NIS,16632,199.89999389648438,32.259998321533203,32.439998626708984,Vehicles Carrier
9368900,HOEGH SYDNEY,Chijin Shipping SA,Union Marine Mgmt Serv Pte Ltd,Hoegh Autoliners AS,PAN,17311,179.89999389648438,32.200000762939453,34.799999237060547,Vehicles Carrier
8505355,OCEAN TANGO,Duwon Shipping Co Ltd,Duwon Shipping Co Ltd,Duwon Shipping Co Ltd,KRS,2736,82.120002746582031,16.010000228881836,9.1999998092651367,Vehicles Carrier
9166704,HOEGH MASAN,Hoegh Autoliners Shpg Pte Ltd,Hoegh Autoliners AS,Hoegh Autoliners AS,SNG,12490,179.47500610351563,32.200000762939453,29.600000381469727,Vehicles Carrier
9285641,MORNING CROWN,Crown Maritime Ltd,Ray Car Carriers Ltd,EUKOR Car Carriers Inc,BAH,21052,199.94000244140625,32.259998321533203,32.639999389648438,Vehicles Carrier
8508905,INNOVATOR,Carim Maritime SA,Yokohama Marine & Merchant,Yokohama Marine & Merchant,PAN,12084,172.5,29.399999618530273,28.25,Vehicles Carrier
9021423,JINGU,Mandheling/Nippon/Mitsubishi,NYK Line,NYK Line,PAN,17216,195.5,28.799999237060547,29.899999618530273,Vehicles Carrier
9340776,POSITIVE LEADER,Oceanic Trader SA,Janfield Shipping Ltd,NYK Line,PAN,15023,180.0,30.0,33.520000457763672,Vehicles Carrier
9702429,GLOVIS SYMPHONY,GL NV11 Shipping Inc,Hyundai Glovis Co Ltd,Hyundai Glovis Co Ltd,MAI,20056,199.97000122070313,35.400001525878906,33.0,Vehicles Carrier
8313324,SINGA,Urizen Shipping Ltd,Urizen Shipping Ltd,Urizen Shipping Ltd,TLU,18293,198.80000305175781,28.799999237060547,13.0,Vehicles Carrier
9383429,MORNING LYNN,S331 International SA,EUKOR Car Carriers Inc,EUKOR Car Carriers Inc,PAN,28092,232.3699951171875,32.259998321533203,32.639999389648438,Vehicles Carrier
8608169,HYUNDAI NO. 107,Halat Navigation No 2 SA,Zodiac Maritime Ltd,Hyundai Glovis Co Ltd,LIB,12939,184.27999877929688,30.610000610351563,27.610000610351563,Vehicles Carrier
9289910,MORNING MIDAS,Lombard Corporate December 3,Zodiac Maritime Ltd,EUKOR Car Carriers Inc,GBI,12249,182.80000305175781,31.5,31.799999237060547,Vehicles Carrier
8709157,NOCC CORAL,NOCC Coral AS,Norwegian Car Carriers AS,Neptune Lines Shipping,MAI,12706,183.89999389648438,30.600000381469727,30.229999542236328,Vehicles Carrier
9213806,SIRIUS LEADER,SSC Sirius Leader Pte Ltd,SSC Ship Management Pte Ltd,NYK Line,SNG,16451,180.0,32.259998321533203,34.599998474121094,Vehicles Carrier
8708244,SOLAR WING,Wing Car Carrier SA,MOLSHIP,Mitsui OSK Lines Ltd,LIB,13224,187.02999877929688,32.209999084472656,27.819999694824219,Vehicles Carrier
9427938,PAGANINO,Paganino,Laeisz Reederei,Laeisz Reederei,GEU,11373,183.00999450683594,31.5,31.799999237060547,Vehicles Carrier
9338876,SALVIA ACE,Polar Express SA,Mitsui OSK Lines Ltd,Mitsui OSK Lines Ltd,CAY,15013,186.02999877929688,28.200000762939453,29.430000305175781,Vehicles Carrier
9681431,MORNING PRIDE,2629 International SA,EUKOR Car Carriers Inc,EUKOR Car Carriers Inc,MAI,22675,199.89999389648438,35.400001525878906,35.490001678466797,Vehicles Carrier
8204975,TAIKO,Wilhelmsen Lines Shipowning AS,Wilhelmsen Ship Management AS,Wallenius Wilhelmsen Logistics,NIS,43986,262.07998657226563,32.259998321533203,21.010000228881836,Vehicles Carrier
9392341,VENUS LEADER,Encantada Maritima SA,NYK Line,NYK Line,PAN,15031,186.02999877929688,28.200000762939453,29.430000305175781,Vehicles Carrier
9395630,VIOLET ACE,Violet Ray Ltd,Ray Car Carriers Ltd,Mitsui OSK Lines Ltd,BAH,13370,189.30000305175781,32.259998321533203,33.540000915527344,Vehicles Carrier
9051820,CAR STAR,Atwood Shipping Inc,XT Management Ltd,Zim Integrated Shipping,LIB,17189,195.53999328613281,28.799999237060547,29.899999618530273,Vehicles Carrier
9432919,OSAKA CAR,Kosted Shipping Inc,Eastern Pacific Shipping Pte,Eastern Pacific Shipping Pte,SNG,12321,182.80000305175781,31.5,31.799999237060547,Vehicles Carrier
9325790,DREAM DIVA,Dynamic Spirit Shipping SA,Cido Shipping HK Co Ltd,Cido Car Carrier Service Co,PAN,15068,186.0,28.200000762939453,29.430000305175781,Vehicles Carrier
9397987,AQUAMARINE ACE,Polar Express SA,MOLSHIP,Mitsui OSK Lines Ltd,CAY,18772,199.99000549316406,32.259998321533203,34.520000457763672,Vehicles Carrier
9325764,EASTERN HIGHWAY,Bulkstar Enterprise Co Ltd,Taiyo Nippon Kisen Co Ltd,Kawasaki Kisen Kaisha Ltd,PAN,12991,188.02999877929688,28.200000762939453,27.409999847412109,Vehicles Carrier
9363950,CLOVER ACE,Golden Helm Shipping Co SA,Osaka Fleet Co Ltd,Mitsui OSK Lines Ltd,LIB,17280,199.99000549316406,32.259998321533203,34.259998321533203,Vehicles Carrier
9293595,EUPHONY ACE,Aurora Car Maritime Trans SA,Mitsui OSK Lines Ltd,Mitsui OSK Lines Ltd,PAN,18944,199.94999694824219,32.200000762939453,34.200000762939453,Vehicles Carrier
9087764,ASIAN LEADER,Kilimanjaro Maritima SA,NYK Line,NYK Line,PAN,7014,146.60000610351563,21.0,15.050000190734863,Vehicles Carrier
9293662,FREEDOM ACE,Aurora Car Maritime Trans SA,Mitsui OSK Lines Ltd,Mitsui OSK Lines Ltd,PAN,19093,199.99000549316406,32.259998321533203,34.520000457763672,Vehicles Carrier
9676876,PISCES LEADER,Emerald Sea Carriers SA,NYK Line,NYK Line,PAN,18781,199.97999572753906,35.799999237060547,38.0,Vehicles Carrier
9229398,NEW CENTURY 1,Feng Li Maritime Corp,Toyofuji Shipping Co Ltd,Toyofuji Shipping Co Ltd,PAN,16837,199.99000549316406,32.259998321533203,34.520000457763672,Vehicles Carrier
9675573,GALVESTON HIGHWAY,Nelson Shipping Corp,Sanasia Management Inc,Kawasaki Kisen Kaisha Ltd,PAN,18549,199.97000122070313,32.259998321533203,34.799999237060547,Vehicles Carrier
9210438,PLATINUM RAY,Stamco Ship Management Co Ltd,Ray Car Carriers Ltd,EUKOR Car Carriers Inc,BAH,21400,199.97999572753906,32.259998321533203,32.639999389648438,Vehicles Carrier
9284738,PYXIS LEADER,Eternal Sky Marine SA,Wilhelmsen Ship Mgmt Sdn Bhd,NYK Line,PAN,21466,199.94000244140625,32.259998321533203,34.799999237060547,Vehicles Carrier
9055486,RYUJIN,Sea Green Shipping SA,Kitaura Kaiun KK,Kitaura Kaiun KK,PAN,14080,180.0,32.200000762939453,32.669998168945313,Vehicles Carrier
9505900,VENUS SPIRIT,Secure Shipping Co Ltd,Nissan Motor Car Carrier,Nissan Motor Car Carrier,LIB,13951,183.0,30.200000762939453,28.799999237060547,Vehicles Carrier
8202367,AEGEAN BREEZE,Wallenius Lines Singapore,Wallenius Marine Singapore Pte,UECC,SNG,12527,164.0,28.0,24.350000381469727,Vehicles Carrier
9158276,AQUARIUS LEADER,NYK Line,NYK Line,NYK Line,JPN,22815,199.92999267578125,32.259998321533203,34.549999237060547,Vehicles Carrier
9476745,HELIOS LEADER,Ship V/VI/VII/VIII,NYK Line,NYK Line,JPN,18692,200.0,32.259998321533203,34.520000457763672,Vehicles Carrier
8716162,SERASI III,Toyofuji Serasi Indonesia,Toyofuji Serasi Indonesia,Toyofuji Serasi Indonesia,IDA,2618,115.0,20.0,6.5799999237060547,Vehicles Carrier
9327748,TARIFA,Tarifa Maritime Ltd,Ray Car Carriers Ltd,EUKOR Car Carriers Inc,BAH,21120,199.94999694824219,32.25,32.729999542236328,Vehicles Carrier
9590589,GLOVIS CENTURY,GL NV1 Shipping Inc,Hyundai Glovis Co Ltd,Hyundai Glovis Co Ltd,PAN,20895,199.97999572753906,32.259998321533203,32.639999389648438,Vehicles Carrier
8602579,TRINIDAD,Wilhelmsen Lines Shipowning AS,Wilhelmsen Lines Car Carrier,Wallenius Wilhelmsen Logistics,NIS,15528,190.0,32.229999542236328,13.920000076293945,Vehicles Carrier
9295842,HOEGH BERLIN,Mare Berlin Schiffahrts GmbH,Hoegh Fleet Services AS,Hoegh Autoliners AS,BAH,27176,228.74000549316406,32.259998321533203,32.590000152587891,Vehicles Carrier
9185047,UNITED SPIRIT,Secure Shipping Co Ltd,Nissan Motor Car Carrier,Nissan Motor Car Carrier,LIB,14067,174.97999572753906,29.200000762939453,28.600000381469727,Vehicles Carrier
9088249,HOEGH INCHON,Hoegh Autoliners Shpg Pte Ltd,Hoegh Autoliners AS,Hoegh Autoliners AS,SNG,12490,179.47500610351563,32.200000762939453,29.600000381469727,Vehicles Carrier
9272888,INDIANA HIGHWAY,Kawasaki Kisen Kaisha Ltd,Taiyo Nippon Kisen Co Ltd,Kawasaki Kisen Kaisha Ltd,JPN,17442,199.94000244140625,32.200000762939453,33.740001678466797,Vehicles Carrier
9610406,VICTORIOUS ACE,White Bear Maritime Ltd,Mitsui OSK Lines Ltd,Mitsui OSK Lines Ltd,PAN,18396,199.94999694824219,32.200000762939453,34.200000762939453,Vehicles Carrier
9481049,VIKING AMBER,Gram Car Carriers Holdings,Gram & Co AS,Eastern Car Liner Ltd,SNG,12471,167.25,28.0,30.090000152587891,Vehicles Carrier
8502468,CENTURY LEADER NO. 3,NYK Line,Hachiuma Steamship Co Ltd,NYK Line,JPN,14155,178.5,32.209999084472656,20.629999160766602,Vehicles Carrier
9362267,LONDON HIGHWAY,ISC 1400 Shipping SA,Taiyo Nippon Kisen Co Ltd,Kawasaki Kisen Kaisha Ltd,PAN,17765,199.94000244140625,32.200000762939453,33.740001678466797,Vehicles Carrier
9325180,CSAV RIO NEVADO,Lombard Corporate December 3,Zodiac Maritime Ltd,CSAV,LIB,12322,182.80000305175781,31.5,31.799999237060547,Vehicles Carrier
9372315,LUNA SPIRIT,Mizuho Sangyo/Fair Wind Nav,Nissan Motor Car Carrier,Nissan Motor Car Carrier,PAN,15261,180.0,30.0,33.520000457763672,Vehicles Carrier
9669031,MORNING PILOT,2611 International SA,EUKOR Car Carriers Inc,EUKOR Car Carriers Inc,MAI,22675,199.89999389648438,35.400001525878906,35.490001678466797,Vehicles Carrier
9122942,GLOVIS COMET,Hyundai Glovis Co Ltd,Haeyoung Maritime Serv Co Ltd,Hyundai Glovis Co Ltd,KRS,21421,199.97999572753906,32.259998321533203,32.090000152587891,Vehicles Carrier
9391581,CSCC ASIA,Asia Maritime Ltd,Ray Car Carriers Ltd,China Shipping Car Carrier Inc,BAH,21037,199.89999389648438,32.259998321533203,32.639999389648438,Vehicles Carrier
9293911,FELICITY ACE,Snowscape Car Carriers SA,MOLSHIP,Mitsui OSK Lines Ltd,PAN,17738,199.99000549316406,32.259998321533203,34.409999847412109,Vehicles Carrier
9056296,GEMINI LEADER,Yashi Maritima SA,Yashi Maritima SA,Yashi Maritima SA,PAN,14930,180.0,32.259998321533203,34.5,Vehicles Carrier
9293894,FIRMAMENT ACE,Aurora Car Maritime Trans SA,MOLSHIP,Mitsui OSK Lines Ltd,BAH,17713,199.99000549316406,32.259998321533203,34.409999847412109,Vehicles Carrier
9293909,GLOVIS CONDUCTOR,SFL Conductor Inc,OSM Ship Management Pte Ltd,Hyundai Glovis Co Ltd,PAN,17709,199.99000549316406,32.259998321533203,34.409999847412109,Vehicles Carrier
8709119,GMT POLARIS,Link Ocean Shipping SA,Doriko Ltd,Hyundai Glovis Co Ltd,PAN,9694,174.0,28.010000228881836,27.360000610351563,Vehicles Carrier
8705307,GOLDEN ARROW,Lychee Maritime SA,RCL Shipmanagement Pte Ltd,Meiko Marine,PAN,7021,136.66000366210938,20.010000228881836,14.050000190734863,Vehicles Carrier
8511263,GOLDEN FAN,Jafett Shipping Inc,Kawasaki Kisen Kaisha Ltd,Kawasaki Kisen Kaisha Ltd,PAN,11241,162.33999633789063,26.809999465942383,23.399999618530273,Vehicles Carrier
9426374,PLEIADES LEADER,Strawberry Leasing Ltd,NYK Line,NYK Line,JPN,21462,199.94000244140625,32.259998321533203,34.799999237060547,Vehicles Carrier
9267663,GRAND EAGLE,Dynamic Twinkle Shipping,Cido Shipping HK Co Ltd,Cido Car Carrier Service Co,PAN,19048,199.5,32.259998321533203,35.799999237060547,Vehicles Carrier
8309579,TAGUS,Wilhelmsen Lines Shipowning AS,Wilhelmsen Lines Car Carrier,Wallenius Wilhelmsen Logistics,NIS,21900,195.30000305175781,32.259998321533203,21.700000762939453,Vehicles Carrier
9673381,HOEGH JEDDAH,LH Shiplease 1 AS,Hoegh Autoliners AS,Hoegh Autoliners AS,NIS,20407,199.947998046875,32.259998321533203,32.569999694824219,Vehicles Carrier
9377511,TIJUCA,Wilhelmsen Lines Shipowning,Wilhelmsen Ship Management AS,Wallenius Wilhelmsen Logistics,NIS,30089,231.60000610351563,32.259998321533203,34.700000762939453,Vehicles Carrier
8016550,MEDEA,Wallenius Lines Singapore,Wallenius Marine Singapore Pte,Wallenius Wilhelmsen Logistics,SNG,28566,198.0,32.25,31.200000762939453,Vehicles Carrier
9338694,MORNING CHARLOTTE,Los Halillos Shipping Co SA,Shoei Kisen Kaisha Ltd,EUKOR Car Carriers Inc,PAN,22578,199.94000244140625,32.259998321533203,34.799999237060547,Vehicles Carrier
8709121,CITY OF BEIRUT,Byblos Maritime Ltd,Abou Merhi Lines SAL,Abou Merhi Lines SAL,PAN,9694,174.0,28.010000228881836,27.360000610351563,Vehicles Carrier
9360568,DREAM ORCHID,Dynamic Wave Shipping SA,Cido Shipping HK Co Ltd,Cido Car Carrier Service Co,PAN,15097,186.02999877929688,28.200000762939453,29.430000305175781,Vehicles Carrier
9303558,HOEGH CHIBA,Hoegh Autoliners Shipping AS,Hoegh Autoliners AS,Hoegh Autoliners AS,NIS,19670,199.10000610351563,32.200000762939453,34.099998474121094,Vehicles Carrier
9070462,K. ASIAN BEAUTY,AB Maritime SA-PAN,Korea Line Corp,Hyundai Glovis Co Ltd,PAN,13308,184.69999694824219,30.600000381469727,19.319999694824219,Vehicles Carrier
9381677,ORCHID ACE,Mitsui OSK Lines Ltd,MOLSHIP,Mitsui OSK Lines Ltd,JPN,17289,199.99000549316406,32.259998321533203,34.259998321533203,Vehicles Carrier
9355185,PRIMROSE ACE,Polar Express SA,Mitsui OSK Lines Ltd,Mitsui OSK Lines Ltd,LIB,17339,199.99000549316406,32.259998321533203,34.259998321533203,Vehicles Carrier
9451006,MEDITERRANEAN SEA,Mediterranean Sea,Sunship Schiffahrtskontor KG,Sunship Schiffahrtskontor KG,ABB,14774,182.80000305175781,31.5,31.799999237060547,Vehicles Carrier
9047996,HARMONY ACE,Trident Car Transport,Wilhelmsen Ship Mgmt Sdn Bhd,Mitsui OSK Lines Ltd,PAN,14110,180.0,32.200000762939453,32.669998168945313,Vehicles Carrier
9318503,ISTRA ACE,Istra Maritime Ltd,Ray Car Carriers Ltd,Mitsui OSK Lines Ltd,BAH,12200,176.0,31.100000381469727,30.0,Vehicles Carrier
9181558,LEO LEADER,Scorpio Carriers Ltd-Liberia,Wilhelmsen Ship Mgmt Sdn Bhd,NYK Line,PAN,22733,199.89999389648438,32.259998321533203,34.549999237060547,Vehicles Carrier
9367592,MORNING NINNI,Ocean PCTC Pte Ltd,United Ocean Ship Mgmt Pte Ltd,EUKOR Car Carriers Inc,SNG,17372,179.89999389648438,32.200000762939453,34.799999237060547,Vehicles Carrier
9668506,NEPTUNE THALASSA,Epicurus Navigation Co Ltd,Neptune Lines Shipping,Neptune Lines Shipping,GRC,11262,169.55000305175781,28.0,30.559999465942383,Vehicles Carrier
9491898,PATARA,Patara GmbH & Co KG,Laeisz Reederei,TB Marine-Hamburg GmbH,GEU,12755,182.92999267578125,31.489999771118164,31.799999237060547,Vehicles Carrier
8204963,TEXAS,Wilhelmsen Lines Shipowning AS,Wilhelmsen Ship Management AS,Wallenius Wilhelmsen Logistics,NIS,44080,262.07998657226563,32.259998321533203,21.010000228881836,Vehicles Carrier
9209506,TRIUMPH ACE,Aurora Car Maritime Trans SA,Mitsui OSK Lines Ltd,Mitsui OSK Lines Ltd,PAN,20131,199.94000244140625,32.200000762939453,33.740001678466797,Vehicles Carrier
9032331,MALAYSIA STAR,HKK Jaya Sdn Bhd,HKK Jaya Sdn Bhd,Eastern Car Liner Ltd,MAL,9313,151.60000610351563,21.0,8.6999998092651367,Vehicles Carrier
8131128,NUSANTARA SEJATI,Putra Sejati,Putra Sejati,Putra Sejati,IDA,7200,131.69999694824219,19.389999389648438,11.600000381469727,Vehicles Carrier
9446881,ADRIA ACE,Adria Maritime Ltd,Ray Car Carriers Ltd,Mitsui OSK Lines Ltd,BAH,12300,176.0,31.100000381469727,30.030000686645508,Vehicles Carrier
9176606,ASIAN EMPIRE,EUKOR Car Carriers Inc,EUKOR Car Carriers Inc,EUKOR Car Carriers Inc,KRS,25765,228.80000305175781,32.259998321533203,32.090000152587891,Vehicles Carrier
8507664,CITY OF MUMBAI,Sinor Lines Pte Ltd,Hoegh Autoliners AS,Hoegh Autoliners AS,SNG,7894,157.50999450683594,27.010000228881836,27.149999618530273,Vehicles Carrier
9284776,GRAND PAVO,Dynamic Growth Marine SA,Cido Shipping HK Co Ltd,Cido Car Carrier Service Co,PAN,18376,199.89999389648438,32.259998321533203,35.799999237060547,Vehicles Carrier
9329473,MORNING CORNET,Tailwind Car Carriers Pte Ltd,EUKOR Car Carriers Inc,EUKOR Car Carriers Inc,SNG,20500,199.97999572753906,32.259998321533203,32.639999389648438,Vehicles Carrier
9445980,MORNING LADY,2053 International SA,EUKOR Car Carriers Inc,EUKOR Car Carriers Inc,PAN,27343,232.3800048828125,32.259998321533203,32.639999389648438,Vehicles Carrier
9367580,MORNING MARGARETA,United PCTC Pte Ltd,United Ocean Ship Mgmt Pte Ltd,EUKOR Car Carriers Inc,SNG,17386,179.89999389648438,32.200000762939453,34.799999237060547,Vehicles Carrier
9186950,STRAITS CHALLENGER,Souffle Shipholding SA,Wilhelmsen Ship Mgmt Sdn Bhd,NYK Line,MAL,17297,179.89999389648438,32.200000762939453,15.069999694824219,Vehicles Carrier
9051818,PEARL ACE,Prosper World Marine Co Ltd,Masumoto Shipping Co Ltd,Mitsui OSK Lines Ltd,PAN,15194,188.0,31.200000762939453,30.600000381469727,Vehicles Carrier
8822090,SUMATERA LEADER,NYK-SPIL Indororo PT,Salam Pacific Indonesia Lines,NYK Line Indonesia,IDA,2662,108.0,19.600000381469727,5.9600000381469727,Vehicles Carrier
9505053,TITANIA,Wilhelmsen Lines Shipowning,Wilhelmsen Ship Mgmt Sdn Bhd,Wallenius Wilhelmsen Logistics,MTA,30907,227.80000305175781,32.259998321533203,34.700000762939453,Vehicles Carrier
9505065,TUGELA,Wilhelmsen Lines Shipowning,Wilhelmsen Ship Mgmt Sdn Bhd,Wallenius Wilhelmsen Logistics,MTA,28837,229.99000549316406,32.25,34.700000762939453,Vehicles Carrier
9190858,VERONA,SCC Shipowning I AS,Siem Car Carriers AS,Siem Car Carriers AS,NIS,12778,176.69999694824219,31.100000381469727,28.0,Vehicles Carrier
9476733,ZEUS LEADER,Ship I/Ship II /Ship III /Ship,NYK Container Line Ltd,NYK Line,JPN,18697,199.89999389648438,32.259998321533203,34.520000457763672,Vehicles Carrier
